FundName,P1,P2,P3,P4,Topsis Score,Rank
M1,0.67,0.45,6.5,12.56,0.2948083978565227,4
M2,0.6,0.38,6.3,14.47,0.12689239766847105,5
M3,0.82,0.67,3.8,17.1,0.803796300987304,1
M4,0.75,0.5,4.5,13.8,0.4959855526207731,3
M5,0.68,0.55,5.2,15.25,0.5468628895776881,2
